Restaurant_Type,Total_Revenue
"Fast Food",13444.53
Italian,12935.22999999999
Indian,12490.88
Healthy/Vegan,11156.169999999993
Sushi,10491.460000000003
